request_id,user_id,task_id,session_id,task_type,model_version,prompt_template_id,treatment_arm,response_tokens,latency_ms,action_type,outcome_quality_score,created_at
task_1_req_0,user_3,task_1,session_1,summarisation,gpt-x.y,triage_v1,explanation,174,345,edit,0.526,2025-01-05T00:09:00
task_2_req_0,user_31,task_2,session_2,summarisation,gpt-x.y,triage_v1,explanation,160,589,accept,0.534,2025-01-09T00:04:00
task_2_req_1,user_23,task_2,session_2,summarisation,gpt-x.y,triage_v1,explanation,63,1041,escalate,0.534,2025-01-09T00:32:00
task_2_req_2,user_44,task_2,session_2,drafting,gpt-x.y,triage_v1,control,77,324,escalate,0.534,2025-01-09T00:56:00
task_2_req_3,user_16,task_2,session_2,drafting,gpt-x.y,triage_v1,control,96,589,escalate,0.534,2025-01-09T01:01:00
task_3_req_0,user_36,task_3,session_3,triage,gpt-x.y,triage_v1,control,92,303,accept,0.644,2025-01-16T00:03:00
task_4_req_0,user_4,task_4,session_4,drafting,gpt-x.y,triage_v1,control,166,976,accept,0.876,2025-01-31T00:13:00
task_4_req_1,user_19,task_4,session_4,triage,gpt-x.y,triage_v1,explanation,125,1338,escalate,0.876,2025-01-31T00:18:00
task_5_req_0,user_4,task_5,session_5,summarisation,gpt-x.y,triage_v1,control,90,1396,escalate,0.811,2025-02-07T00:17:00
task_6_req_0,user_5,task_6,session_6,summarisation,gpt-x.y,triage_v1,control,113,1026,accept,0.438,2025-01-06T00:29:00
task_6_req_1,user_38,task_6,session_6,summarisation,gpt-x.y,triage_v1,control,199,1468,accept,0.438,2025-01-06T00:43:00
task_7_req_0,user_46,task_7,session_7,triage,gpt-x.y,triage_v1,explanation,126,688,ignore,0.512,2025-01-21T00:13:00
task_7_req_1,user_30,task_7,session_7,summarisation,gpt-x.y,triage_v1,explanation,194,348,accept,0.512,2025-01-21T00:28:00
task_7_req_2,user_7,task_7,session_7,drafting,gpt-x.y,triage_v1,control,83,1301,edit,0.512,2025-01-21T00:45:00
task_8_req_0,user_11,task_8,session_8,summarisation,gpt-x.y,triage_v1,explanation,185,1312,ignore,0.603,2025-02-26T00:20:00
task_8_req_1,user_1,task_8,session_8,triage,gpt-x.y,triage_v1,explanation,77,412,edit,0.603,2025-02-26T00:29:00
task_9_req_0,user_14,task_9,session_9,drafting,gpt-x.y,triage_v1,explanation,114,616,ignore,0.555,2025-01-10T00:17:00
task_9_req_1,user_4,task_9,session_9,drafting,gpt-x.y,triage_v1,control,61,1499,escalate,0.555,2025-01-10T00:44:00
task_9_req_2,user_1,task_9,session_9,summarisation,gpt-x.y,triage_v1,explanation,163,467,ignore,0.555,2025-01-10T00:50:00
task_10_req_0,user_45,task_10,session_10,drafting,gpt-x.y,triage_v1,control,199,1317,accept,0.462,2025-01-28T00:27:00
task_11_req_0,user_24,task_11,session_11,triage,gpt-x.y,triage_v1,control,76,932,edit,0.423,2025-01-28T00:22:00
task_11_req_1,user_23,task_11,session_11,triage,gpt-x.y,triage_v1,explanation,91,1471,edit,0.423,2025-01-28T00:52:00
task_12_req_0,user_48,task_12,session_12,triage,gpt-x.y,triage_v1,explanation,77,1043,edit,0.414,2025-02-26T00:09:00
task_12_req_1,user_25,task_12,session_12,drafting,gpt-x.y,triage_v1,control,139,1163,edit,0.414,2025-02-26T00:16:00
task_12_req_2,user_20,task_12,session_12,triage,gpt-x.y,triage_v1,control,152,656,accept,0.414,2025-02-26T00:38:00
task_12_req_3,user_22,task_12,session_12,summarisation,gpt-x.y,triage_v1,explanation,180,342,ignore,0.414,2025-02-26T00:50:00
task_13_req_0,user_8,task_13,session_13,triage,gpt-x.y,triage_v1,explanation,161,565,ignore,0.917,2025-02-23T00:02:00
task_13_req_1,user_23,task_13,session_13,summarisation,gpt-x.y,triage_v1,explanation,98,1093,accept,0.917,2025-02-23T00:15:00
task_13_req_2,user_17,task_13,session_13,summarisation,gpt-x.y,triage_v1,control,100,1093,accept,0.917,2025-02-23T00:32:00
task_14_req_0,user_43,task_14,session_14,drafting,gpt-x.y,triage_v1,control,133,815,ignore,0.743,2025-01-05T00:22:00
task_14_req_1,user_26,task_14,session_14,drafting,gpt-x.y,triage_v1,explanation,147,1335,edit,0.743,2025-01-05T00:29:00
task_14_req_2,user_44,task_14,session_14,summarisation,gpt-x.y,triage_v1,control,50,1460,ignore,0.743,2025-01-05T00:42:00
task_15_req_0,user_39,task_15,session_15,summarisation,gpt-x.y,triage_v1,explanation,104,1152,escalate,0.832,2025-01-14T00:15:00
task_15_req_1,user_33,task_15,session_15,summarisation,gpt-x.y,triage_v1,explanation,135,547,accept,0.832,2025-01-14T00:25:00
task_15_req_2,user_6,task_15,session_15,triage,gpt-x.y,triage_v1,control,87,835,edit,0.832,2025-01-14T00:51:00
task_15_req_3,user_2,task_15,session_15,triage,gpt-x.y,triage_v1,control,166,701,escalate,0.832,2025-01-14T01:11:00
task_16_req_0,user_25,task_16,session_16,summarisation,gpt-x.y,triage_v1,explanation,51,1018,edit,0.795,2025-02-06T00:05:00
task_16_req_1,user_49,task_16,session_16,summarisation,gpt-x.y,triage_v1,control,182,1070,edit,0.795,2025-02-06T00:11:00
task_17_req_0,user_8,task_17,session_17,summarisation,gpt-x.y,triage_v1,explanation,193,473,escalate,0.905,2025-02-05T00:22:00
task_17_req_1,user_39,task_17,session_17,summarisation,gpt-x.y,triage_v1,explanation,164,1106,escalate,0.905,2025-02-05T00:49:00
task_18_req_0,user_49,task_18,session_18,triage,gpt-x.y,triage_v1,control,120,767,escalate,0.648,2025-02-25T00:21:00
task_18_req_1,user_29,task_18,session_18,drafting,gpt-x.y,triage_v1,control,131,785,edit,0.648,2025-02-25T00:30:00
task_18_req_2,user_35,task_18,session_18,drafting,gpt-x.y,triage_v1,control,89,483,edit,0.648,2025-02-25T00:38:00
task_18_req_3,user_46,task_18,session_18,drafting,gpt-x.y,triage_v1,control,188,331,escalate,0.648,2025-02-25T00:52:00
task_19_req_0,user_25,task_19,session_19,triage,gpt-x.y,triage_v1,control,140,1379,escalate,0.858,2025-01-04T00:16:00
task_19_req_1,user_20,task_19,session_19,triage,gpt-x.y,triage_v1,explanation,119,1058,edit,0.858,2025-01-04T00:32:00
task_20_req_0,user_44,task_20,session_20,triage,gpt-x.y,triage_v1,explanation,186,538,escalate,0.585,2025-01-02T00:30:00
task_20_req_1,user_2,task_20,session_20,summarisation,gpt-x.y,triage_v1,explanation,159,1412,accept,0.585,2025-01-02T00:33:00
task_20_req_2,user_9,task_20,session_20,drafting,gpt-x.y,triage_v1,explanation,133,572,accept,0.585,2025-01-02T00:42:00
task_20_req_3,user_14,task_20,session_20,drafting,gpt-x.y,triage_v1,explanation,121,869,ignore,0.585,2025-01-02T01:07:00
task_21_req_0,user_48,task_21,session_21,triage,gpt-x.y,triage_v1,control,60,916,edit,0.659,2025-01-17T00:21:00
task_22_req_0,user_2,task_22,session_22,summarisation,gpt-x.y,triage_v1,control,79,688,edit,0.510,2025-03-02T00:16:00
task_22_req_1,user_37,task_22,session_22,drafting,gpt-x.y,triage_v1,control,92,1152,ignore,0.510,2025-03-02T00:41:00
task_23_req_0,user_11,task_23,session_23,drafting,gpt-x.y,triage_v1,explanation,197,421,accept,0.828,2025-02-17T00:30:00
task_24_req_0,user_45,task_24,session_24,summarisation,gpt-x.y,triage_v1,control,80,408,ignore,0.442,2025-01-26T00:28:00
task_24_req_1,user_37,task_24,session_24,drafting,gpt-x.y,triage_v1,control,67,911,escalate,0.442,2025-01-26T00:50:00
task_25_req_0,user_32,task_25,session_25,drafting,gpt-x.y,triage_v1,control,89,1087,ignore,0.867,2025-01-22T00:21:00
task_26_req_0,user_35,task_26,session_26,summarisation,gpt-x.y,triage_v1,explanation,118,1152,escalate,0.739,2025-02-16T00:27:00
task_26_req_1,user_21,task_26,session_26,drafting,gpt-x.y,triage_v1,control,112,377,ignore,0.739,2025-02-16T00:56:00
task_26_req_2,user_49,task_26,session_26,triage,gpt-x.y,triage_v1,explanation,176,1367,escalate,0.739,2025-02-16T01:07:00
task_27_req_0,user_17,task_27,session_27,triage,gpt-x.y,triage_v1,explanation,182,772,ignore,0.517,2025-01-12T00:18:00
task_27_req_1,user_13,task_27,session_27,summarisation,gpt-x.y,triage_v1,control,111,694,escalate,0.517,2025-01-12T00:34:00
task_27_req_2,user_45,task_27,session_27,triage,gpt-x.y,triage_v1,explanation,73,1205,escalate,0.517,2025-01-12T01:00:00
task_27_req_3,user_19,task_27,session_27,summarisation,gpt-x.y,triage_v1,control,198,1028,edit,0.517,2025-01-12T01:10:00
task_28_req_0,user_48,task_28,session_28,drafting,gpt-x.y,triage_v1,explanation,114,920,escalate,0.634,2025-02-05T00:09:00
task_28_req_1,user_15,task_28,session_28,summarisation,gpt-x.y,triage_v1,control,187,594,ignore,0.634,2025-02-05T00:13:00
task_28_req_2,user_49,task_28,session_28,drafting,gpt-x.y,triage_v1,control,120,592,edit,0.634,2025-02-05T00:37:00
task_29_req_0,user_13,task_29,session_29,drafting,gpt-x.y,triage_v1,explanation,53,665,ignore,0.939,2025-02-18T00:06:00
task_29_req_1,user_46,task_29,session_29,summarisation,gpt-x.y,triage_v1,control,124,761,accept,0.939,2025-02-18T00:08:00
task_29_req_2,user_45,task_29,session_29,triage,gpt-x.y,triage_v1,control,196,1205,accept,0.939,2025-02-18T00:36:00
task_30_req_0,user_4,task_30,session_30,triage,gpt-x.y,triage_v1,explanation,152,1178,accept,0.587,2025-01-31T00:27:00
task_30_req_1,user_32,task_30,session_30,triage,gpt-x.y,triage_v1,control,194,1381,accept,0.587,2025-01-31T00:32:00
task_30_req_2,user_20,task_30,session_30,drafting,gpt-x.y,triage_v1,control,107,708,accept,0.587,2025-01-31T00:50:00
task_30_req_3,user_50,task_30,session_30,summarisation,gpt-x.y,triage_v1,explanation,159,1122,escalate,0.587,2025-01-31T01:00:00
task_31_req_0,user_48,task_31,session_31,summarisation,gpt-x.y,triage_v1,control,70,625,edit,0.735,2025-02-09T00:09:00
task_32_req_0,user_27,task_32,session_32,triage,gpt-x.y,triage_v1,explanation,109,1416,escalate,0.486,2025-01-12T00:10:00
task_33_req_0,user_15,task_33,session_33,triage,gpt-x.y,triage_v1,explanation,189,1480,edit,0.439,2025-01-19T00:14:00
task_33_req_1,user_15,task_33,session_33,triage,gpt-x.y,triage_v1,control,92,744,edit,0.439,2025-01-19T00:17:00
task_33_req_2,user_20,task_33,session_33,summarisation,gpt-x.y,triage_v1,explanation,127,1099,accept,0.439,2025-01-19T00:32:00
task_33_req_3,user_45,task_33,session_33,triage,gpt-x.y,triage_v1,explanation,60,757,escalate,0.439,2025-01-19T00:47:00
task_34_req_0,user_15,task_34,session_34,triage,gpt-x.y,triage_v1,control,170,751,accept,0.414,2025-01-21T00:25:00
task_34_req_1,user_34,task_34,session_34,drafting,gpt-x.y,triage_v1,explanation,175,769,edit,0.414,2025-01-21T00:44:00
task_34_req_2,user_6,task_34,session_34,drafting,gpt-x.y,triage_v1,explanation,76,912,escalate,0.414,2025-01-21T00:55:00
task_35_req_0,user_19,task_35,session_35,triage,gpt-x.y,triage_v1,explanation,130,1326,accept,0.782,2025-01-22T00:15:00
task_35_req_1,user_17,task_35,session_35,summarisation,gpt-x.y,triage_v1,explanation,50,437,escalate,0.782,2025-01-22T00:43:00
task_35_req_2,user_43,task_35,session_35,summarisation,gpt-x.y,triage_v1,explanation,142,1046,accept,0.782,2025-01-22T00:50:00
task_35_req_3,user_40,task_35,session_35,triage,gpt-x.y,triage_v1,explanation,102,1480,escalate,0.782,2025-01-22T01:15:00
task_36_req_0,user_45,task_36,session_36,summarisation,gpt-x.y,triage_v1,explanation,111,448,accept,0.641,2025-01-09T00:21:00
task_36_req_1,user_46,task_36,session_36,drafting,gpt-x.y,triage_v1,control,73,836,accept,0.641,2025-01-09T00:39:00
task_36_req_2,user_15,task_36,session_36,triage,gpt-x.y,triage_v1,control,177,1145,accept,0.641,2025-01-09T01:00:00
task_37_req_0,user_31,task_37,session_37,triage,gpt-x.y,triage_v1,explanation,148,699,escalate,0.629,2025-02-02T00:18:00
task_37_req_1,user_13,task_37,session_37,drafting,gpt-x.y,triage_v1,control,137,342,ignore,0.629,2025-02-02T00:43:00
task_37_req_2,user_33,task_37,session_37,drafting,gpt-x.y,triage_v1,explanation,200,205,ignore,0.629,2025-02-02T01:07:00
task_38_req_0,user_31,task_38,session_38,drafting,gpt-x.y,triage_v1,explanation,98,880,escalate,0.646,2025-02-01T00:15:00
task_38_req_1,user_45,task_38,session_38,drafting,gpt-x.y,triage_v1,control,61,1371,escalate,0.646,2025-02-01T00:23:00
task_39_req_0,user_43,task_39,session_39,summarisation,gpt-x.y,triage_v1,control,134,1214,accept,0.612,2025-01-31T00:05:00
task_39_req_1,user_7,task_39,session_39,summarisation,gpt-x.y,triage_v1,explanation,86,404,escalate,0.612,2025-01-31T00:06:00
task_39_req_2,user_27,task_39,session_39,drafting,gpt-x.y,triage_v1,control,136,353,escalate,0.612,2025-01-31T00:32:00
task_39_req_3,user_40,task_39,session_39,summarisation,gpt-x.y,triage_v1,explanation,186,364,ignore,0.612,2025-01-31T01:00:00
task_40_req_0,user_3,task_40,session_40,summarisation,gpt-x.y,triage_v1,control,73,680,ignore,0.880,2025-02-10T00:08:00
task_40_req_1,user_28,task_40,session_40,triage,gpt-x.y,triage_v1,control,126,1497,accept,0.880,2025-02-10T00:23:00
task_40_req_2,user_2,task_40,session_40,drafting,gpt-x.y,triage_v1,control,145,864,accept,0.880,2025-02-10T00:33:00
task_40_req_3,user_28,task_40,session_40,summarisation,gpt-x.y,triage_v1,control,96,700,escalate,0.880,2025-02-10T00:52:00
task_41_req_0,user_16,task_41,session_41,drafting,gpt-x.y,triage_v1,explanation,115,1394,edit,0.741,2025-01-06T00:08:00
task_41_req_1,user_30,task_41,session_41,drafting,gpt-x.y,triage_v1,explanation,189,219,escalate,0.741,2025-01-06T00:37:00
task_41_req_2,user_11,task_41,session_41,drafting,gpt-x.y,triage_v1,control,158,1104,ignore,0.741,2025-01-06T00:56:00
task_41_req_3,user_45,task_41,session_41,drafting,gpt-x.y,triage_v1,explanation,173,1135,ignore,0.741,2025-01-06T01:03:00
task_42_req_0,user_45,task_42,session_42,triage,gpt-x.y,triage_v1,explanation,194,244,escalate,0.716,2025-01-25T00:09:00
task_42_req_1,user_44,task_42,session_42,drafting,gpt-x.y,triage_v1,control,108,1441,escalate,0.716,2025-01-25T00:36:00
task_42_req_2,user_39,task_42,session_42,drafting,gpt-x.y,triage_v1,explanation,85,648,edit,0.716,2025-01-25T00:56:00
task_43_req_0,user_29,task_43,session_43,triage,gpt-x.y,triage_v1,control,73,1386,ignore,0.570,2025-02-27T00:24:00
task_44_req_0,user_9,task_44,session_44,triage,gpt-x.y,triage_v1,explanation,115,1287,ignore,0.497,2025-02-17T00:27:00
task_44_req_1,user_31,task_44,session_44,triage,gpt-x.y,triage_v1,explanation,86,893,accept,0.497,2025-02-17T00:42:00
task_44_req_2,user_49,task_44,session_44,drafting,gpt-x.y,triage_v1,control,53,1013,ignore,0.497,2025-02-17T00:45:00
task_44_req_3,user_17,task_44,session_44,summarisation,gpt-x.y,triage_v1,control,117,1131,ignore,0.497,2025-02-17T01:07:00
task_45_req_0,user_15,task_45,session_45,summarisation,gpt-x.y,triage_v1,explanation,106,251,ignore,0.460,2025-02-22T00:30:00
task_45_req_1,user_42,task_45,session_45,drafting,gpt-x.y,triage_v1,control,79,1150,ignore,0.460,2025-02-22T00:51:00
task_45_req_2,user_9,task_45,session_45,triage,gpt-x.y,triage_v1,control,74,276,ignore,0.460,2025-02-22T01:07:00
task_46_req_0,user_43,task_46,session_46,drafting,gpt-x.y,triage_v1,explanation,75,1402,edit,0.650,2025-01-09T00:29:00
task_46_req_1,user_32,task_46,session_46,drafting,gpt-x.y,triage_v1,explanation,105,772,accept,0.650,2025-01-09T00:52:00
task_46_req_2,user_29,task_46,session_46,summarisation,gpt-x.y,triage_v1,explanation,144,683,ignore,0.650,2025-01-09T00:56:00
task_46_req_3,user_35,task_46,session_46,triage,gpt-x.y,triage_v1,explanation,81,324,escalate,0.650,2025-01-09T01:05:00
task_47_req_0,user_39,task_47,session_47,triage,gpt-x.y,triage_v1,control,194,303,ignore,0.753,2025-01-06T00:08:00
task_47_req_1,user_14,task_47,session_47,triage,gpt-x.y,triage_v1,control,109,1335,edit,0.753,2025-01-06T00:27:00
task_48_req_0,user_10,task_48,session_48,triage,gpt-x.y,triage_v1,control,78,1306,ignore,0.553,2025-01-10T00:26:00
task_49_req_0,user_16,task_49,session_49,triage,gpt-x.y,triage_v1,explanation,82,232,edit,0.597,2025-01-09T00:09:00
task_50_req_0,user_31,task_50,session_50,summarisation,gpt-x.y,triage_v1,explanation,106,941,accept,0.810,2025-02-03T00:15:00
task_51_req_0,user_2,task_51,session_51,summarisation,gpt-x.y,triage_v1,control,77,1180,escalate,0.652,2025-02-16T00:14:00
task_51_req_1,user_32,task_51,session_51,summarisation,gpt-x.y,triage_v1,explanation,87,350,accept,0.652,2025-02-16T00:25:00
task_51_req_2,user_5,task_51,session_51,summarisation,gpt-x.y,triage_v1,control,185,763,ignore,0.652,2025-02-16T00:38:00
task_52_req_0,user_45,task_52,session_52,drafting,gpt-x.y,triage_v1,control,108,1329,edit,0.455,2025-02-02T00:14:00
task_52_req_1,user_27,task_52,session_52,summarisation,gpt-x.y,triage_v1,explanation,74,1128,escalate,0.455,2025-02-02T00:28:00
task_52_req_2,user_21,task_52,session_52,triage,gpt-x.y,triage_v1,explanation,171,840,ignore,0.455,2025-02-02T00:40:00
task_52_req_3,user_5,task_52,session_52,triage,gpt-x.y,triage_v1,control,145,374,accept,0.455,2025-02-02T00:54:00
task_53_req_0,user_36,task_53,session_53,summarisation,gpt-x.y,triage_v1,explanation,158,450,escalate,0.723,2025-02-05T00:12:00
task_54_req_0,user_23,task_54,session_54,summarisation,gpt-x.y,triage_v1,control,173,1383,edit,0.730,2025-01-04T00:05:00
task_54_req_1,user_15,task_54,session_54,drafting,gpt-x.y,triage_v1,control,196,917,ignore,0.730,2025-01-04T00:09:00
task_54_req_2,user_15,task_54,session_54,summarisation,gpt-x.y,triage_v1,explanation,118,1348,accept,0.730,2025-01-04T00:29:00
task_55_req_0,user_23,task_55,session_55,summarisation,gpt-x.y,triage_v1,control,152,571,edit,0.907,2025-01-18T00:19:00
task_55_req_1,user_5,task_55,session_55,summarisation,gpt-x.y,triage_v1,control,185,1496,accept,0.907,2025-01-18T00:22:00
task_55_req_2,user_14,task_55,session_55,triage,gpt-x.y,triage_v1,explanation,144,1059,escalate,0.907,2025-01-18T00:33:00
task_56_req_0,user_10,task_56,session_56,triage,gpt-x.y,triage_v1,control,119,1465,accept,0.886,2025-01-21T00:22:00
task_57_req_0,user_27,task_57,session_57,drafting,gpt-x.y,triage_v1,explanation,78,641,accept,0.734,2025-01-28T00:12:00
task_57_req_1,user_19,task_57,session_57,triage,gpt-x.y,triage_v1,explanation,151,1279,ignore,0.734,2025-01-28T00:14:00
task_57_req_2,user_39,task_57,session_57,triage,gpt-x.y,triage_v1,control,85,215,edit,0.734,2025-01-28T00:24:00
task_57_req_3,user_49,task_57,session_57,triage,gpt-x.y,triage_v1,explanation,177,792,ignore,0.734,2025-01-28T00:28:00
task_58_req_0,user_46,task_58,session_58,drafting,gpt-x.y,triage_v1,control,60,1224,ignore,0.609,2025-01-12T00:03:00
task_58_req_1,user_28,task_58,session_58,drafting,gpt-x.y,triage_v1,control,197,1141,accept,0.609,2025-01-12T00:31:00
task_59_req_0,user_26,task_59,session_59,summarisation,gpt-x.y,triage_v1,control,167,865,edit,0.559,2025-01-26T00:26:00
task_59_req_1,user_45,task_59,session_59,triage,gpt-x.y,triage_v1,explanation,112,380,escalate,0.559,2025-01-26T00:54:00
task_59_req_2,user_28,task_59,session_59,drafting,gpt-x.y,triage_v1,explanation,136,1273,accept,0.559,2025-01-26T01:07:00
task_59_req_3,user_15,task_59,session_59,summarisation,gpt-x.y,triage_v1,explanation,79,544,accept,0.559,2025-01-26T01:24:00
task_60_req_0,user_42,task_60,session_60,drafting,gpt-x.y,triage_v1,control,100,683,accept,0.593,2025-01-13T00:05:00
task_60_req_1,user_12,task_60,session_60,summarisation,gpt-x.y,triage_v1,control,176,354,edit,0.593,2025-01-13T00:30:00
task_60_req_2,user_30,task_60,session_60,summarisation,gpt-x.y,triage_v1,explanation,130,1356,ignore,0.593,2025-01-13T00:58:00
task_61_req_0,user_20,task_61,session_61,summarisation,gpt-x.y,triage_v1,explanation,68,1411,accept,0.643,2025-01-05T00:12:00
task_61_req_1,user_20,task_61,session_61,drafting,gpt-x.y,triage_v1,explanation,123,1125,accept,0.643,2025-01-05T00:14:00
task_61_req_2,user_5,task_61,session_61,summarisation,gpt-x.y,triage_v1,control,191,1459,escalate,0.643,2025-01-05T00:29:00
task_61_req_3,user_48,task_61,session_61,summarisation,gpt-x.y,triage_v1,control,171,1121,edit,0.643,2025-01-05T00:40:00
task_62_req_0,user_22,task_62,session_62,triage,gpt-x.y,triage_v1,control,162,1233,edit,0.457,2025-01-04T00:02:00
task_62_req_1,user_29,task_62,session_62,drafting,gpt-x.y,triage_v1,control,149,945,ignore,0.457,2025-01-04T00:32:00
task_62_req_2,user_27,task_62,session_62,summarisation,gpt-x.y,triage_v1,explanation,135,1424,accept,0.457,2025-01-04T00:58:00
task_62_req_3,user_5,task_62,session_62,drafting,gpt-x.y,triage_v1,explanation,88,393,escalate,0.457,2025-01-04T01:08:00
task_63_req_0,user_20,task_63,session_63,summarisation,gpt-x.y,triage_v1,explanation,146,464,accept,0.904,2025-02-07T00:10:00
task_63_req_1,user_42,task_63,session_63,summarisation,gpt-x.y,triage_v1,explanation,158,461,accept,0.904,2025-02-07T00:31:00
task_64_req_0,user_14,task_64,session_64,triage,gpt-x.y,triage_v1,explanation,89,1195,edit,0.570,2025-01-02T00:08:00
task_64_req_1,user_5,task_64,session_64,drafting,gpt-x.y,triage_v1,explanation,83,407,accept,0.570,2025-01-02T00:30:00
task_64_req_2,user_39,task_64,session_64,summarisation,gpt-x.y,triage_v1,explanation,92,515,edit,0.570,2025-01-02T00:36:00
task_65_req_0,user_47,task_65,session_65,summarisation,gpt-x.y,triage_v1,control,164,1109,ignore,0.600,2025-01-03T00:25:00
task_65_req_1,user_15,task_65,session_65,triage,gpt-x.y,triage_v1,control,144,833,escalate,0.600,2025-01-03T00:54:00
task_65_req_2,user_44,task_65,session_65,drafting,gpt-x.y,triage_v1,explanation,178,1145,ignore,0.600,2025-01-03T01:19:00
task_65_req_3,user_34,task_65,session_65,summarisation,gpt-x.y,triage_v1,explanation,85,531,edit,0.600,2025-01-03T01:45:00
task_66_req_0,user_36,task_66,session_66,triage,gpt-x.y,triage_v1,control,91,1256,accept,0.881,2025-01-04T00:10:00
task_66_req_1,user_18,task_66,session_66,drafting,gpt-x.y,triage_v1,explanation,73,1251,edit,0.881,2025-01-04T00:37:00
task_66_req_2,user_15,task_66,session_66,triage,gpt-x.y,triage_v1,explanation,151,915,accept,0.881,2025-01-04T00:51:00
task_66_req_3,user_33,task_66,session_66,drafting,gpt-x.y,triage_v1,explanation,107,682,escalate,0.881,2025-01-04T00:54:00
task_67_req_0,user_42,task_67,session_67,drafting,gpt-x.y,triage_v1,explanation,170,499,edit,0.862,2025-03-01T00:02:00
task_68_req_0,user_1,task_68,session_68,triage,gpt-x.y,triage_v1,control,190,238,ignore,0.647,2025-02-18T00:07:00
task_68_req_1,user_47,task_68,session_68,drafting,gpt-x.y,triage_v1,explanation,81,427,ignore,0.647,2025-02-18T00:15:00
task_68_req_2,user_4,task_68,session_68,triage,gpt-x.y,triage_v1,control,177,1059,escalate,0.647,2025-02-18T00:18:00
task_68_req_3,user_39,task_68,session_68,triage,gpt-x.y,triage_v1,control,124,1494,edit,0.647,2025-02-18T00:41:00
task_69_req_0,user_27,task_69,session_69,summarisation,gpt-x.y,triage_v1,control,189,375,ignore,0.532,2025-02-09T00:03:00
task_69_req_1,user_33,task_69,session_69,summarisation,gpt-x.y,triage_v1,control,149,999,escalate,0.532,2025-02-09T00:05:00
task_69_req_2,user_24,task_69,session_69,triage,gpt-x.y,triage_v1,explanation,138,233,ignore,0.532,2025-02-09T00:31:00
task_70_req_0,user_48,task_70,session_70,summarisation,gpt-x.y,triage_v1,explanation,136,473,accept,0.824,2025-02-12T00:12:00
task_71_req_0,user_31,task_71,session_71,drafting,gpt-x.y,triage_v1,control,59,476,accept,0.939,2025-01-12T00:23:00
task_71_req_1,user_19,task_71,session_71,triage,gpt-x.y,triage_v1,control,130,289,edit,0.939,2025-01-12T00:52:00
task_71_req_2,user_20,task_71,session_71,triage,gpt-x.y,triage_v1,explanation,98,1312,escalate,0.939,2025-01-12T01:01:00
task_71_req_3,user_19,task_71,session_71,triage,gpt-x.y,triage_v1,explanation,144,297,ignore,0.939,2025-01-12T01:10:00
task_72_req_0,user_25,task_72,session_72,drafting,gpt-x.y,triage_v1,explanation,144,582,escalate,0.892,2025-02-17T00:23:00
task_72_req_1,user_34,task_72,session_72,drafting,gpt-x.y,triage_v1,explanation,96,369,escalate,0.892,2025-02-17T00:26:00
task_72_req_2,user_35,task_72,session_72,drafting,gpt-x.y,triage_v1,explanation,125,857,accept,0.892,2025-02-17T00:29:00
task_72_req_3,user_20,task_72,session_72,summarisation,gpt-x.y,triage_v1,explanation,163,1434,escalate,0.892,2025-02-17T00:35:00
task_73_req_0,user_28,task_73,session_73,summarisation,gpt-x.y,triage_v1,explanation,153,317,accept,0.738,2025-01-03T00:22:00
task_73_req_1,user_24,task_73,session_73,summarisation,gpt-x.y,triage_v1,control,162,263,edit,0.738,2025-01-03T00:50:00
task_73_req_2,user_3,task_73,session_73,summarisation,gpt-x.y,triage_v1,control,143,337,edit,0.738,2025-01-03T01:15:00
task_74_req_0,user_44,task_74,session_74,triage,gpt-x.y,triage_v1,explanation,196,959,ignore,0.733,2025-03-02T00:15:00
task_75_req_0,user_18,task_75,session_75,triage,gpt-x.y,triage_v1,control,177,432,accept,0.573,2025-01-24T00:24:00
task_75_req_1,user_34,task_75,session_75,drafting,gpt-x.y,triage_v1,explanation,164,1350,accept,0.573,2025-01-24T00:33:00
task_75_req_2,user_14,task_75,session_75,triage,gpt-x.y,triage_v1,explanation,68,1205,edit,0.573,2025-01-24T00:37:00
task_75_req_3,user_29,task_75,session_75,summarisation,gpt-x.y,triage_v1,control,131,1111,accept,0.573,2025-01-24T01:03:00
task_76_req_0,user_19,task_76,session_76,drafting,gpt-x.y,triage_v1,explanation,180,522,edit,0.702,2025-02-15T00:26:00
task_77_req_0,user_32,task_77,session_77,summarisation,gpt-x.y,triage_v1,control,83,939,ignore,0.530,2025-01-13T00:15:00
task_77_req_1,user_40,task_77,session_77,summarisation,gpt-x.y,triage_v1,control,172,334,ignore,0.530,2025-01-13T00:28:00
task_78_req_0,user_5,task_78,session_78,drafting,gpt-x.y,triage_v1,control,182,849,accept,0.853,2025-02-19T00:15:00
task_78_req_1,user_23,task_78,session_78,triage,gpt-x.y,triage_v1,control,160,1329,edit,0.853,2025-02-19T00:40:00
task_78_req_2,user_33,task_78,session_78,triage,gpt-x.y,triage_v1,control,91,454,edit,0.853,2025-02-19T00:50:00
task_78_req_3,user_21,task_78,session_78,triage,gpt-x.y,triage_v1,control,114,908,ignore,0.853,2025-02-19T01:18:00
task_79_req_0,user_20,task_79,session_79,summarisation,gpt-x.y,triage_v1,control,89,1229,edit,0.469,2025-02-05T00:19:00
task_79_req_1,user_11,task_79,session_79,triage,gpt-x.y,triage_v1,explanation,70,1354,accept,0.469,2025-02-05T00:46:00
task_79_req_2,user_3,task_79,session_79,summarisation,gpt-x.y,triage_v1,explanation,57,631,escalate,0.469,2025-02-05T01:06:00
task_80_req_0,user_20,task_80,session_80,drafting,gpt-x.y,triage_v1,explanation,68,701,escalate,0.753,2025-02-04T00:10:00
task_80_req_1,user_45,task_80,session_80,drafting,gpt-x.y,triage_v1,control,168,523,escalate,0.753,2025-02-04T00:24:00
task_80_req_2,user_14,task_80,session_80,summarisation,gpt-x.y,triage_v1,explanation,131,1442,edit,0.753,2025-02-04T00:35:00
task_81_req_0,user_33,task_81,session_81,triage,gpt-x.y,triage_v1,control,118,853,edit,0.818,2025-01-26T00:15:00
task_81_req_1,user_29,task_81,session_81,drafting,gpt-x.y,triage_v1,control,148,488,accept,0.818,2025-01-26T00:17:00
task_82_req_0,user_11,task_82,session_82,triage,gpt-x.y,triage_v1,explanation,177,1383,ignore,0.929,2025-01-27T00:07:00
task_82_req_1,user_33,task_82,session_82,triage,gpt-x.y,triage_v1,explanation,73,1221,ignore,0.929,2025-01-27T00:23:00
task_83_req_0,user_23,task_83,session_83,summarisation,gpt-x.y,triage_v1,control,170,303,ignore,0.518,2025-01-30T00:16:00
task_83_req_1,user_19,task_83,session_83,drafting,gpt-x.y,triage_v1,control,143,420,escalate,0.518,2025-01-30T00:21:00
task_84_req_0,user_37,task_84,session_84,drafting,gpt-x.y,triage_v1,control,179,942,ignore,0.620,2025-01-24T00:03:00
task_85_req_0,user_40,task_85,session_85,drafting,gpt-x.y,triage_v1,control,136,463,accept,0.854,2025-02-05T00:13:00
task_85_req_1,user_36,task_85,session_85,summarisation,gpt-x.y,triage_v1,explanation,152,495,edit,0.854,2025-02-05T00:33:00
task_85_req_2,user_33,task_85,session_85,summarisation,gpt-x.y,triage_v1,control,135,292,accept,0.854,2025-02-05T00:38:00
task_86_req_0,user_33,task_86,session_86,drafting,gpt-x.y,triage_v1,control,126,871,ignore,0.482,2025-02-03T00:06:00
task_86_req_1,user_38,task_86,session_86,summarisation,gpt-x.y,triage_v1,explanation,126,1238,escalate,0.482,2025-02-03T00:29:00
task_86_req_2,user_31,task_86,session_86,triage,gpt-x.y,triage_v1,control,156,954,ignore,0.482,2025-02-03T00:51:00
task_86_req_3,user_38,task_86,session_86,drafting,gpt-x.y,triage_v1,explanation,117,1488,accept,0.482,2025-02-03T01:11:00
task_87_req_0,user_38,task_87,session_87,summarisation,gpt-x.y,triage_v1,explanation,112,549,escalate,0.797,2025-02-07T00:05:00
task_87_req_1,user_3,task_87,session_87,drafting,gpt-x.y,triage_v1,control,157,590,accept,0.797,2025-02-07T00:20:00
task_88_req_0,user_50,task_88,session_88,triage,gpt-x.y,triage_v1,explanation,193,327,edit,0.626,2025-02-14T00:17:00
task_88_req_1,user_21,task_88,session_88,triage,gpt-x.y,triage_v1,explanation,167,1276,escalate,0.626,2025-02-14T00:28:00
task_89_req_0,user_47,task_89,session_89,triage,gpt-x.y,triage_v1,explanation,121,1449,escalate,0.772,2025-02-04T00:07:00
task_89_req_1,user_36,task_89,session_89,drafting,gpt-x.y,triage_v1,explanation,103,660,ignore,0.772,2025-02-04T00:32:00
task_89_req_2,user_45,task_89,session_89,summarisation,gpt-x.y,triage_v1,explanation,120,849,escalate,0.772,2025-02-04T00:44:00
task_90_req_0,user_26,task_90,session_90,drafting,gpt-x.y,triage_v1,explanation,70,499,ignore,0.893,2025-02-06T00:02:00
task_90_req_1,user_23,task_90,session_90,triage,gpt-x.y,triage_v1,explanation,187,725,escalate,0.893,2025-02-06T00:09:00
task_90_req_2,user_18,task_90,session_90,summarisation,gpt-x.y,triage_v1,explanation,200,481,accept,0.893,2025-02-06T00:29:00
task_90_req_3,user_16,task_90,session_90,triage,gpt-x.y,triage_v1,control,63,303,edit,0.893,2025-02-06T00:50:00
task_91_req_0,user_50,task_91,session_91,summarisation,gpt-x.y,triage_v1,control,171,210,edit,0.455,2025-01-22T00:14:00
task_91_req_1,user_31,task_91,session_91,summarisation,gpt-x.y,triage_v1,control,65,788,ignore,0.455,2025-01-22T00:24:00
task_91_req_2,user_50,task_91,session_91,summarisation,gpt-x.y,triage_v1,control,59,1375,edit,0.455,2025-01-22T00:42:00
task_91_req_3,user_12,task_91,session_91,drafting,gpt-x.y,triage_v1,explanation,176,560,accept,0.455,2025-01-22T01:09:00
task_92_req_0,user_1,task_92,session_92,drafting,gpt-x.y,triage_v1,explanation,122,1363,accept,0.882,2025-02-25T00:30:00
task_92_req_1,user_30,task_92,session_92,triage,gpt-x.y,triage_v1,explanation,78,474,escalate,0.882,2025-02-25T00:39:00
task_92_req_2,user_22,task_92,session_92,triage,gpt-x.y,triage_v1,control,53,1139,ignore,0.882,2025-02-25T01:02:00
task_93_req_0,user_49,task_93,session_93,drafting,gpt-x.y,triage_v1,control,181,559,escalate,0.712,2025-02-20T00:27:00
task_93_req_1,user_21,task_93,session_93,triage,gpt-x.y,triage_v1,control,172,1020,accept,0.712,2025-02-20T00:33:00
task_93_req_2,user_21,task_93,session_93,triage,gpt-x.y,triage_v1,control,164,213,ignore,0.712,2025-02-20T00:46:00
task_94_req_0,user_37,task_94,session_94,triage,gpt-x.y,triage_v1,control,65,735,ignore,0.720,2025-01-22T00:23:00
task_94_req_1,user_43,task_94,session_94,drafting,gpt-x.y,triage_v1,control,178,1153,ignore,0.720,2025-01-22T00:29:00
task_94_req_2,user_46,task_94,session_94,summarisation,gpt-x.y,triage_v1,explanation,106,440,ignore,0.720,2025-01-22T00:41:00
task_95_req_0,user_39,task_95,session_95,summarisation,gpt-x.y,triage_v1,explanation,105,1051,escalate,0.650,2025-01-31T00:25:00
task_95_req_1,user_49,task_95,session_95,drafting,gpt-x.y,triage_v1,control,185,1420,accept,0.650,2025-01-31T00:42:00
task_96_req_0,user_36,task_96,session_96,drafting,gpt-x.y,triage_v1,control,183,1372,edit,0.434,2025-01-05T00:06:00
task_97_req_0,user_32,task_97,session_97,triage,gpt-x.y,triage_v1,control,166,1245,escalate,0.794,2025-02-13T00:26:00
task_97_req_1,user_9,task_97,session_97,drafting,gpt-x.y,triage_v1,explanation,128,1135,accept,0.794,2025-02-13T00:44:00
task_98_req_0,user_48,task_98,session_98,drafting,gpt-x.y,triage_v1,control,138,1384,accept,0.849,2025-01-26T00:02:00
task_98_req_1,user_45,task_98,session_98,triage,gpt-x.y,triage_v1,control,170,1308,accept,0.849,2025-01-26T00:32:00
task_98_req_2,user_3,task_98,session_98,triage,gpt-x.y,triage_v1,explanation,157,1037,edit,0.849,2025-01-26T00:57:00
task_99_req_0,user_44,task_99,session_99,summarisation,gpt-x.y,triage_v1,control,150,912,accept,0.607,2025-01-29T00:06:00
task_99_req_1,user_34,task_99,session_99,triage,gpt-x.y,triage_v1,control,126,656,accept,0.607,2025-01-29T00:31:00
task_99_req_2,user_30,task_99,session_99,triage,gpt-x.y,triage_v1,explanation,113,1289,escalate,0.607,2025-01-29T00:58:00
task_99_req_3,user_30,task_99,session_99,summarisation,gpt-x.y,triage_v1,explanation,78,517,ignore,0.607,2025-01-29T01:05:00
task_100_req_0,user_5,task_100,session_100,summarisation,gpt-x.y,triage_v1,control,62,1416,accept,0.532,2025-01-27T00:15:00
task_101_req_0,user_35,task_101,session_101,drafting,gpt-x.y,triage_v1,control,109,315,edit,0.641,2025-01-03T00:17:00
task_101_req_1,user_47,task_101,session_101,drafting,gpt-x.y,triage_v1,explanation,86,1382,ignore,0.641,2025-01-03T00:25:00
task_101_req_2,user_43,task_101,session_101,triage,gpt-x.y,triage_v1,control,192,1046,ignore,0.641,2025-01-03T00:34:00
task_101_req_3,user_38,task_101,session_101,drafting,gpt-x.y,triage_v1,control,62,1482,escalate,0.641,2025-01-03T00:52:00
task_102_req_0,user_21,task_102,session_102,drafting,gpt-x.y,triage_v1,explanation,97,1036,edit,0.832,2025-02-12T00:10:00
task_102_req_1,user_49,task_102,session_102,summarisation,gpt-x.y,triage_v1,explanation,86,693,edit,0.832,2025-02-12T00:20:00
task_102_req_2,user_30,task_102,session_102,summarisation,gpt-x.y,triage_v1,control,185,1351,escalate,0.832,2025-02-12T00:34:00
task_102_req_3,user_9,task_102,session_102,drafting,gpt-x.y,triage_v1,explanation,70,697,ignore,0.832,2025-02-12T00:41:00
task_103_req_0,user_25,task_103,session_103,summarisation,gpt-x.y,triage_v1,control,193,349,edit,0.428,2025-01-06T00:26:00
task_103_req_1,user_14,task_103,session_103,triage,gpt-x.y,triage_v1,explanation,104,627,ignore,0.428,2025-01-06T00:36:00
task_104_req_0,user_45,task_104,session_104,drafting,gpt-x.y,triage_v1,control,122,1012,edit,0.903,2025-01-08T00:18:00
task_104_req_1,user_25,task_104,session_104,drafting,gpt-x.y,triage_v1,explanation,142,1292,ignore,0.903,2025-01-08T00:28:00
task_104_req_2,user_33,task_104,session_104,summarisation,gpt-x.y,triage_v1,explanation,170,1154,accept,0.903,2025-01-08T00:54:00
task_104_req_3,user_49,task_104,session_104,drafting,gpt-x.y,triage_v1,explanation,61,616,ignore,0.903,2025-01-08T01:05:00
task_105_req_0,user_36,task_105,session_105,drafting,gpt-x.y,triage_v1,explanation,108,804,edit,0.409,2025-02-17T00:07:00
task_105_req_1,user_25,task_105,session_105,drafting,gpt-x.y,triage_v1,control,175,1222,ignore,0.409,2025-02-17T00:16:00
task_106_req_0,user_47,task_106,session_106,triage,gpt-x.y,triage_v1,explanation,69,576,accept,0.493,2025-02-16T00:17:00
task_106_req_1,user_43,task_106,session_106,summarisation,gpt-x.y,triage_v1,control,109,213,escalate,0.493,2025-02-16T00:22:00
task_106_req_2,user_5,task_106,session_106,drafting,gpt-x.y,triage_v1,control,145,218,edit,0.493,2025-02-16T00:39:00
task_107_req_0,user_2,task_107,session_107,triage,gpt-x.y,triage_v1,control,185,1289,escalate,0.763,2025-02-10T00:01:00
task_107_req_1,user_47,task_107,session_107,summarisation,gpt-x.y,triage_v1,explanation,160,1297,ignore,0.763,2025-02-10T00:02:00
task_107_req_2,user_12,task_107,session_107,triage,gpt-x.y,triage_v1,control,184,397,edit,0.763,2025-02-10T00:10:00
task_107_req_3,user_17,task_107,session_107,drafting,gpt-x.y,triage_v1,explanation,153,747,escalate,0.763,2025-02-10T00:13:00
task_108_req_0,user_6,task_108,session_108,drafting,gpt-x.y,triage_v1,control,191,391,escalate,0.565,2025-01-16T00:13:00
task_108_req_1,user_31,task_108,session_108,drafting,gpt-x.y,triage_v1,control,161,219,edit,0.565,2025-01-16T00:16:00
task_109_req_0,user_3,task_109,session_109,triage,gpt-x.y,triage_v1,control,69,632,escalate,0.892,2025-02-06T00:09:00
task_110_req_0,user_21,task_110,session_110,summarisation,gpt-x.y,triage_v1,control,151,624,edit,0.499,2025-02-27T00:25:00
task_111_req_0,user_25,task_111,session_111,summarisation,gpt-x.y,triage_v1,explanation,70,986,edit,0.712,2025-01-11T00:26:00
task_111_req_1,user_33,task_111,session_111,triage,gpt-x.y,triage_v1,explanation,69,309,accept,0.712,2025-01-11T00:40:00
task_112_req_0,user_21,task_112,session_112,drafting,gpt-x.y,triage_v1,control,175,1498,ignore,0.933,2025-02-19T00:26:00
task_112_req_1,user_15,task_112,session_112,triage,gpt-x.y,triage_v1,explanation,199,1332,escalate,0.933,2025-02-19T00:40:00
task_112_req_2,user_43,task_112,session_112,triage,gpt-x.y,triage_v1,explanation,68,375,ignore,0.933,2025-02-19T01:06:00
task_112_req_3,user_6,task_112,session_112,summarisation,gpt-x.y,triage_v1,explanation,89,515,escalate,0.933,2025-02-19T01:29:00
task_113_req_0,user_1,task_113,session_113,drafting,gpt-x.y,triage_v1,explanation,76,1110,ignore,0.459,2025-01-21T00:25:00
task_113_req_1,user_9,task_113,session_113,summarisation,gpt-x.y,triage_v1,control,192,583,escalate,0.459,2025-01-21T00:40:00
task_113_req_2,user_33,task_113,session_113,drafting,gpt-x.y,triage_v1,explanation,191,411,accept,0.459,2025-01-21T00:43:00
task_114_req_0,user_1,task_114,session_114,triage,gpt-x.y,triage_v1,explanation,193,1047,escalate,0.875,2025-02-08T00:25:00
task_114_req_1,user_16,task_114,session_114,drafting,gpt-x.y,triage_v1,control,127,979,edit,0.875,2025-02-08T00:30:00
task_114_req_2,user_18,task_114,session_114,drafting,gpt-x.y,triage_v1,explanation,120,498,accept,0.875,2025-02-08T00:36:00
task_115_req_0,user_16,task_115,session_115,triage,gpt-x.y,triage_v1,explanation,84,1416,edit,0.599,2025-01-31T00:15:00
task_116_req_0,user_40,task_116,session_116,drafting,gpt-x.y,triage_v1,explanation,84,874,escalate,0.583,2025-03-02T00:11:00
task_116_req_1,user_20,task_116,session_116,drafting,gpt-x.y,triage_v1,explanation,95,1435,edit,0.583,2025-03-02T00:27:00
task_116_req_2,user_26,task_116,session_116,triage,gpt-x.y,triage_v1,explanation,133,796,escalate,0.583,2025-03-02T00:46:00
task_116_req_3,user_25,task_116,session_116,summarisation,gpt-x.y,triage_v1,explanation,101,1004,ignore,0.583,2025-03-02T00:50:00
task_117_req_0,user_30,task_117,session_117,summarisation,gpt-x.y,triage_v1,control,67,1097,ignore,0.924,2025-01-12T00:27:00
task_118_req_0,user_20,task_118,session_118,drafting,gpt-x.y,triage_v1,control,146,717,edit,0.477,2025-02-13T00:23:00
task_118_req_1,user_5,task_118,session_118,drafting,gpt-x.y,triage_v1,explanation,186,1424,escalate,0.477,2025-02-13T00:42:00
task_118_req_2,user_33,task_118,session_118,drafting,gpt-x.y,triage_v1,explanation,187,1313,accept,0.477,2025-02-13T01:08:00
task_118_req_3,user_39,task_118,session_118,summarisation,gpt-x.y,triage_v1,control,140,423,edit,0.477,2025-02-13T01:30:00
task_119_req_0,user_42,task_119,session_119,triage,gpt-x.y,triage_v1,explanation,75,879,escalate,0.710,2025-02-09T00:04:00
task_120_req_0,user_26,task_120,session_120,triage,gpt-x.y,triage_v1,explanation,173,1405,edit,0.645,2025-02-02T00:12:00
task_120_req_1,user_7,task_120,session_120,summarisation,gpt-x.y,triage_v1,explanation,86,1051,accept,0.645,2025-02-02T00:16:00
task_121_req_0,user_34,task_121,session_121,drafting,gpt-x.y,triage_v1,explanation,165,913,escalate,0.831,2025-01-22T00:04:00
task_121_req_1,user_21,task_121,session_121,summarisation,gpt-x.y,triage_v1,control,79,814,accept,0.831,2025-01-22T00:30:00
task_121_req_2,user_2,task_121,session_121,summarisation,gpt-x.y,triage_v1,explanation,112,423,edit,0.831,2025-01-22T01:00:00
task_121_req_3,user_34,task_121,session_121,summarisation,gpt-x.y,triage_v1,control,159,1330,edit,0.831,2025-01-22T01:11:00
task_122_req_0,user_12,task_122,session_122,summarisation,gpt-x.y,triage_v1,explanation,100,1010,accept,0.746,2025-02-21T00:24:00
task_122_req_1,user_29,task_122,session_122,triage,gpt-x.y,triage_v1,explanation,102,996,accept,0.746,2025-02-21T00:47:00
task_122_req_2,user_18,task_122,session_122,summarisation,gpt-x.y,triage_v1,control,97,1382,accept,0.746,2025-02-21T01:13:00
task_122_req_3,user_24,task_122,session_122,drafting,gpt-x.y,triage_v1,explanation,175,603,escalate,0.746,2025-02-21T01:17:00
task_123_req_0,user_38,task_123,session_123,drafting,gpt-x.y,triage_v1,control,94,912,ignore,0.736,2025-01-21T00:28:00
task_123_req_1,user_44,task_123,session_123,triage,gpt-x.y,triage_v1,explanation,130,1458,accept,0.736,2025-01-21T00:50:00
task_123_req_2,user_8,task_123,session_123,drafting,gpt-x.y,triage_v1,control,86,825,accept,0.736,2025-01-21T00:56:00
task_123_req_3,user_33,task_123,session_123,drafting,gpt-x.y,triage_v1,explanation,158,1056,edit,0.736,2025-01-21T01:15:00
task_124_req_0,user_32,task_124,session_124,drafting,gpt-x.y,triage_v1,explanation,63,487,edit,0.705,2025-02-10T00:11:00
task_124_req_1,user_23,task_124,session_124,drafting,gpt-x.y,triage_v1,control,193,1192,edit,0.705,2025-02-10T00:18:00
task_125_req_0,user_27,task_125,session_125,summarisation,gpt-x.y,triage_v1,explanation,57,1200,edit,0.777,2025-02-01T00:03:00
task_125_req_1,user_49,task_125,session_125,triage,gpt-x.y,triage_v1,control,187,798,accept,0.777,2025-02-01T00:12:00
task_125_req_2,user_19,task_125,session_125,summarisation,gpt-x.y,triage_v1,control,78,1136,escalate,0.777,2025-02-01T00:30:00
task_125_req_3,user_37,task_125,session_125,triage,gpt-x.y,triage_v1,control,162,748,ignore,0.777,2025-02-01T00:48:00
task_126_req_0,user_42,task_126,session_126,drafting,gpt-x.y,triage_v1,control,139,809,accept,0.805,2025-01-28T00:15:00
task_127_req_0,user_16,task_127,session_127,summarisation,gpt-x.y,triage_v1,control,159,1404,ignore,0.827,2025-01-29T00:28:00
task_128_req_0,user_4,task_128,session_128,summarisation,gpt-x.y,triage_v1,explanation,93,1290,ignore,0.847,2025-01-09T00:20:00
task_128_req_1,user_21,task_128,session_128,summarisation,gpt-x.y,triage_v1,explanation,74,792,ignore,0.847,2025-01-09T00:48:00
task_129_req_0,user_18,task_129,session_129,summarisation,gpt-x.y,triage_v1,control,132,471,edit,0.905,2025-02-20T00:05:00
task_129_req_1,user_16,task_129,session_129,summarisation,gpt-x.y,triage_v1,explanation,118,1202,edit,0.905,2025-02-20T00:24:00
task_129_req_2,user_41,task_129,session_129,summarisation,gpt-x.y,triage_v1,explanation,73,968,escalate,0.905,2025-02-20T00:27:00
task_129_req_3,user_26,task_129,session_129,drafting,gpt-x.y,triage_v1,explanation,198,955,escalate,0.905,2025-02-20T00:43:00
task_130_req_0,user_30,task_130,session_130,drafting,gpt-x.y,triage_v1,explanation,104,329,escalate,0.802,2025-02-24T00:07:00
task_131_req_0,user_37,task_131,session_131,drafting,gpt-x.y,triage_v1,control,62,1359,escalate,0.586,2025-01-21T00:26:00
task_131_req_1,user_3,task_131,session_131,triage,gpt-x.y,triage_v1,control,90,1482,escalate,0.586,2025-01-21T00:27:00
task_131_req_2,user_29,task_131,session_131,summarisation,gpt-x.y,triage_v1,explanation,83,201,escalate,0.586,2025-01-21T00:34:00
task_132_req_0,user_24,task_132,session_132,summarisation,gpt-x.y,triage_v1,explanation,92,368,ignore,0.451,2025-01-11T00:22:00
task_132_req_1,user_4,task_132,session_132,summarisation,gpt-x.y,triage_v1,explanation,109,1481,ignore,0.451,2025-01-11T00:46:00
task_132_req_2,user_28,task_132,session_132,drafting,gpt-x.y,triage_v1,control,69,394,accept,0.451,2025-01-11T00:53:00
task_133_req_0,user_45,task_133,session_133,triage,gpt-x.y,triage_v1,explanation,172,446,escalate,0.405,2025-01-15T00:23:00
task_133_req_1,user_5,task_133,session_133,triage,gpt-x.y,triage_v1,control,76,984,accept,0.405,2025-01-15T00:47:00
task_133_req_2,user_21,task_133,session_133,triage,gpt-x.y,triage_v1,explanation,86,812,edit,0.405,2025-01-15T01:00:00
task_133_req_3,user_5,task_133,session_133,drafting,gpt-x.y,triage_v1,control,104,1449,edit,0.405,2025-01-15T01:15:00
task_134_req_0,user_29,task_134,session_134,triage,gpt-x.y,triage_v1,control,200,377,accept,0.739,2025-01-10T00:05:00
task_134_req_1,user_47,task_134,session_134,triage,gpt-x.y,triage_v1,explanation,113,919,escalate,0.739,2025-01-10T00:16:00
task_134_req_2,user_18,task_134,session_134,summarisation,gpt-x.y,triage_v1,control,56,708,ignore,0.739,2025-01-10T00:41:00
task_134_req_3,user_43,task_134,session_134,drafting,gpt-x.y,triage_v1,explanation,125,620,edit,0.739,2025-01-10T01:05:00
task_135_req_0,user_8,task_135,session_135,triage,gpt-x.y,triage_v1,control,142,1223,accept,0.672,2025-02-20T00:17:00
task_135_req_1,user_21,task_135,session_135,summarisation,gpt-x.y,triage_v1,control,94,992,escalate,0.672,2025-02-20T00:29:00
task_136_req_0,user_5,task_136,session_136,triage,gpt-x.y,triage_v1,control,151,736,edit,0.409,2025-02-19T00:02:00
task_137_req_0,user_26,task_137,session_137,triage,gpt-x.y,triage_v1,control,129,1298,edit,0.633,2025-02-10T00:09:00
task_137_req_1,user_6,task_137,session_137,summarisation,gpt-x.y,triage_v1,control,66,518,ignore,0.633,2025-02-10T00:22:00
task_137_req_2,user_20,task_137,session_137,triage,gpt-x.y,triage_v1,explanation,161,688,accept,0.633,2025-02-10T00:30:00
task_137_req_3,user_8,task_137,session_137,summarisation,gpt-x.y,triage_v1,explanation,94,1453,accept,0.633,2025-02-10T00:40:00
task_138_req_0,user_11,task_138,session_138,drafting,gpt-x.y,triage_v1,explanation,82,910,ignore,0.786,2025-02-15T00:06:00
task_138_req_1,user_48,task_138,session_138,drafting,gpt-x.y,triage_v1,explanation,119,441,accept,0.786,2025-02-15T00:17:00
task_139_req_0,user_33,task_139,session_139,summarisation,gpt-x.y,triage_v1,explanation,92,313,escalate,0.673,2025-01-17T00:28:00
task_140_req_0,user_44,task_140,session_140,triage,gpt-x.y,triage_v1,control,112,667,accept,0.892,2025-01-17T00:02:00
task_141_req_0,user_12,task_141,session_141,drafting,gpt-x.y,triage_v1,control,113,1332,escalate,0.906,2025-01-24T00:08:00
task_141_req_1,user_27,task_141,session_141,drafting,gpt-x.y,triage_v1,explanation,80,755,accept,0.906,2025-01-24T00:27:00
task_141_req_2,user_33,task_141,session_141,summarisation,gpt-x.y,triage_v1,control,61,567,edit,0.906,2025-01-24T00:53:00
task_141_req_3,user_26,task_141,session_141,drafting,gpt-x.y,triage_v1,control,133,1152,ignore,0.906,2025-01-24T01:18:00
task_142_req_0,user_19,task_142,session_142,drafting,gpt-x.y,triage_v1,explanation,176,1475,edit,0.603,2025-01-30T00:15:00
task_143_req_0,user_27,task_143,session_143,summarisation,gpt-x.y,triage_v1,control,52,677,ignore,0.483,2025-01-13T00:21:00
task_143_req_1,user_22,task_143,session_143,triage,gpt-x.y,triage_v1,control,185,970,ignore,0.483,2025-01-13T00:25:00
task_144_req_0,user_10,task_144,session_144,triage,gpt-x.y,triage_v1,explanation,183,390,accept,0.935,2025-02-01T00:30:00
task_145_req_0,user_48,task_145,session_145,triage,gpt-x.y,triage_v1,control,150,1389,accept,0.652,2025-02-27T00:17:00
task_145_req_1,user_5,task_145,session_145,drafting,gpt-x.y,triage_v1,control,116,1090,edit,0.652,2025-02-27T00:25:00
task_145_req_2,user_21,task_145,session_145,drafting,gpt-x.y,triage_v1,explanation,109,868,ignore,0.652,2025-02-27T00:40:00
task_146_req_0,user_11,task_146,session_146,triage,gpt-x.y,triage_v1,explanation,187,1154,ignore,0.485,2025-01-09T00:14:00
task_147_req_0,user_17,task_147,session_147,summarisation,gpt-x.y,triage_v1,control,127,385,edit,0.570,2025-01-14T00:26:00
task_147_req_1,user_46,task_147,session_147,triage,gpt-x.y,triage_v1,control,113,640,ignore,0.570,2025-01-14T00:31:00
task_147_req_2,user_23,task_147,session_147,drafting,gpt-x.y,triage_v1,explanation,116,1251,accept,0.570,2025-01-14T00:53:00
task_147_req_3,user_12,task_147,session_147,summarisation,gpt-x.y,triage_v1,control,190,1028,escalate,0.570,2025-01-14T01:11:00
task_148_req_0,user_9,task_148,session_148,triage,gpt-x.y,triage_v1,control,83,224,accept,0.842,2025-01-30T00:27:00
task_149_req_0,user_17,task_149,session_149,summarisation,gpt-x.y,triage_v1,control,163,244,accept,0.720,2025-01-24T00:07:00
task_150_req_0,user_30,task_150,session_150,summarisation,gpt-x.y,triage_v1,control,151,544,escalate,0.467,2025-01-06T00:27:00
task_150_req_1,user_32,task_150,session_150,drafting,gpt-x.y,triage_v1,control,104,983,escalate,0.467,2025-01-06T00:33:00
task_150_req_2,user_12,task_150,session_150,triage,gpt-x.y,triage_v1,explanation,58,773,escalate,0.467,2025-01-06T01:02:00
task_151_req_0,user_32,task_151,session_151,triage,gpt-x.y,triage_v1,explanation,121,1327,escalate,0.756,2025-02-09T00:02:00
task_151_req_1,user_25,task_151,session_151,summarisation,gpt-x.y,triage_v1,control,113,1058,edit,0.756,2025-02-09T00:23:00
task_152_req_0,user_46,task_152,session_152,summarisation,gpt-x.y,triage_v1,explanation,178,1182,escalate,0.944,2025-02-20T00:12:00
task_153_req_0,user_39,task_153,session_153,drafting,gpt-x.y,triage_v1,control,185,260,ignore,0.414,2025-01-18T00:02:00
task_153_req_1,user_23,task_153,session_153,summarisation,gpt-x.y,triage_v1,control,111,526,accept,0.414,2025-01-18T00:10:00
task_154_req_0,user_15,task_154,session_154,triage,gpt-x.y,triage_v1,explanation,131,926,edit,0.820,2025-02-22T00:06:00
task_155_req_0,user_2,task_155,session_155,triage,gpt-x.y,triage_v1,explanation,176,1362,edit,0.903,2025-02-14T00:19:00
task_155_req_1,user_35,task_155,session_155,triage,gpt-x.y,triage_v1,explanation,64,559,escalate,0.903,2025-02-14T00:21:00
task_155_req_2,user_15,task_155,session_155,drafting,gpt-x.y,triage_v1,control,101,240,escalate,0.903,2025-02-14T00:22:00
task_156_req_0,user_21,task_156,session_156,summarisation,gpt-x.y,triage_v1,control,86,244,edit,0.905,2025-01-22T00:19:00
task_156_req_1,user_50,task_156,session_156,drafting,gpt-x.y,triage_v1,control,151,1277,ignore,0.905,2025-01-22T00:22:00
task_157_req_0,user_11,task_157,session_157,summarisation,gpt-x.y,triage_v1,explanation,193,1197,ignore,0.577,2025-01-22T00:06:00
task_157_req_1,user_45,task_157,session_157,drafting,gpt-x.y,triage_v1,explanation,125,657,edit,0.577,2025-01-22T00:19:00
task_157_req_2,user_9,task_157,session_157,summarisation,gpt-x.y,triage_v1,control,58,203,escalate,0.577,2025-01-22T00:47:00
task_158_req_0,user_7,task_158,session_158,triage,gpt-x.y,triage_v1,explanation,110,488,ignore,0.752,2025-01-21T00:24:00
task_158_req_1,user_23,task_158,session_158,summarisation,gpt-x.y,triage_v1,explanation,135,543,accept,0.752,2025-01-21T00:51:00
task_159_req_0,user_5,task_159,session_159,triage,gpt-x.y,triage_v1,explanation,62,725,accept,0.537,2025-01-17T00:24:00
task_159_req_1,user_25,task_159,session_159,drafting,gpt-x.y,triage_v1,explanation,176,1059,edit,0.537,2025-01-17T00:53:00
task_160_req_0,user_31,task_160,session_160,triage,gpt-x.y,triage_v1,control,125,533,escalate,0.456,2025-02-04T00:03:00
task_160_req_1,user_2,task_160,session_160,drafting,gpt-x.y,triage_v1,explanation,93,734,accept,0.456,2025-02-04T00:06:00
task_160_req_2,user_25,task_160,session_160,summarisation,gpt-x.y,triage_v1,control,173,353,accept,0.456,2025-02-04T00:17:00
task_160_req_3,user_46,task_160,session_160,drafting,gpt-x.y,triage_v1,control,90,1083,edit,0.456,2025-02-04T00:37:00
task_161_req_0,user_27,task_161,session_161,triage,gpt-x.y,triage_v1,explanation,62,776,ignore,0.936,2025-01-22T00:08:00
task_161_req_1,user_26,task_161,session_161,triage,gpt-x.y,triage_v1,explanation,159,514,accept,0.936,2025-01-22T00:20:00
task_162_req_0,user_2,task_162,session_162,drafting,gpt-x.y,triage_v1,control,79,549,ignore,0.510,2025-02-22T00:03:00
task_162_req_1,user_20,task_162,session_162,summarisation,gpt-x.y,triage_v1,explanation,117,1164,escalate,0.510,2025-02-22T00:32:00
task_162_req_2,user_6,task_162,session_162,drafting,gpt-x.y,triage_v1,explanation,144,578,ignore,0.510,2025-02-22T01:01:00
task_162_req_3,user_12,task_162,session_162,drafting,gpt-x.y,triage_v1,explanation,117,291,ignore,0.510,2025-02-22T01:16:00
task_163_req_0,user_45,task_163,session_163,summarisation,gpt-x.y,triage_v1,control,155,375,ignore,0.483,2025-02-06T00:26:00
task_164_req_0,user_34,task_164,session_164,triage,gpt-x.y,triage_v1,explanation,171,1296,escalate,0.862,2025-01-15T00:19:00
task_165_req_0,user_34,task_165,session_165,triage,gpt-x.y,triage_v1,control,104,446,escalate,0.676,2025-01-26T00:06:00
task_166_req_0,user_44,task_166,session_166,summarisation,gpt-x.y,triage_v1,explanation,116,613,edit,0.633,2025-01-09T00:27:00
task_167_req_0,user_36,task_167,session_167,drafting,gpt-x.y,triage_v1,explanation,183,1330,ignore,0.448,2025-02-28T00:28:00
task_168_req_0,user_10,task_168,session_168,triage,gpt-x.y,triage_v1,control,194,1360,accept,0.462,2025-02-20T00:30:00
task_168_req_1,user_50,task_168,session_168,drafting,gpt-x.y,triage_v1,control,117,785,ignore,0.462,2025-02-20T00:59:00
task_168_req_2,user_25,task_168,session_168,triage,gpt-x.y,triage_v1,explanation,120,1371,escalate,0.462,2025-02-20T01:01:00
task_168_req_3,user_26,task_168,session_168,drafting,gpt-x.y,triage_v1,control,134,1466,escalate,0.462,2025-02-20T01:03:00
task_169_req_0,user_24,task_169,session_169,drafting,gpt-x.y,triage_v1,control,175,891,ignore,0.906,2025-01-04T00:10:00
task_169_req_1,user_45,task_169,session_169,summarisation,gpt-x.y,triage_v1,control,163,666,edit,0.906,2025-01-04T00:20:00
task_169_req_2,user_50,task_169,session_169,summarisation,gpt-x.y,triage_v1,explanation,72,751,escalate,0.906,2025-01-04T00:40:00
task_169_req_3,user_13,task_169,session_169,drafting,gpt-x.y,triage_v1,explanation,182,632,escalate,0.906,2025-01-04T01:04:00
task_170_req_0,user_11,task_170,session_170,summarisation,gpt-x.y,triage_v1,control,195,837,escalate,0.683,2025-02-22T00:05:00
task_171_req_0,user_16,task_171,session_171,drafting,gpt-x.y,triage_v1,control,100,1134,accept,0.860,2025-01-13T00:30:00
task_171_req_1,user_18,task_171,session_171,triage,gpt-x.y,triage_v1,explanation,57,1150,escalate,0.860,2025-01-13T00:51:00
task_172_req_0,user_31,task_172,session_172,drafting,gpt-x.y,triage_v1,explanation,73,905,edit,0.498,2025-02-01T00:27:00
task_172_req_1,user_19,task_172,session_172,summarisation,gpt-x.y,triage_v1,control,104,991,accept,0.498,2025-02-01T00:33:00
task_172_req_2,user_15,task_172,session_172,drafting,gpt-x.y,triage_v1,control,181,623,ignore,0.498,2025-02-01T00:54:00
task_172_req_3,user_2,task_172,session_172,triage,gpt-x.y,triage_v1,control,52,1170,edit,0.498,2025-02-01T01:15:00
task_173_req_0,user_46,task_173,session_173,drafting,gpt-x.y,triage_v1,explanation,167,1067,escalate,0.792,2025-02-08T00:28:00
task_173_req_1,user_17,task_173,session_173,summarisation,gpt-x.y,triage_v1,control,151,1155,ignore,0.792,2025-02-08T00:50:00
task_173_req_2,user_38,task_173,session_173,summarisation,gpt-x.y,triage_v1,control,122,215,ignore,0.792,2025-02-08T01:08:00
task_174_req_0,user_18,task_174,session_174,summarisation,gpt-x.y,triage_v1,explanation,126,767,ignore,0.435,2025-01-07T00:21:00
task_174_req_1,user_13,task_174,session_174,triage,gpt-x.y,triage_v1,control,153,1259,edit,0.435,2025-01-07T00:50:00
task_174_req_2,user_43,task_174,session_174,drafting,gpt-x.y,triage_v1,explanation,125,486,accept,0.435,2025-01-07T01:11:00
task_174_req_3,user_17,task_174,session_174,triage,gpt-x.y,triage_v1,explanation,199,1028,escalate,0.435,2025-01-07T01:35:00
task_175_req_0,user_46,task_175,session_175,summarisation,gpt-x.y,triage_v1,control,141,1294,escalate,0.589,2025-02-22T00:30:00
task_175_req_1,user_33,task_175,session_175,triage,gpt-x.y,triage_v1,explanation,170,548,edit,0.589,2025-02-22T00:40:00
task_176_req_0,user_22,task_176,session_176,summarisation,gpt-x.y,triage_v1,control,128,655,ignore,0.921,2025-01-17T00:08:00
task_176_req_1,user_27,task_176,session_176,drafting,gpt-x.y,triage_v1,explanation,168,961,ignore,0.921,2025-01-17T00:27:00
task_177_req_0,user_38,task_177,session_177,triage,gpt-x.y,triage_v1,control,147,1167,edit,0.877,2025-01-31T00:17:00
task_178_req_0,user_10,task_178,session_178,summarisation,gpt-x.y,triage_v1,control,167,610,ignore,0.879,2025-01-27T00:14:00
task_179_req_0,user_32,task_179,session_179,summarisation,gpt-x.y,triage_v1,explanation,64,1492,edit,0.828,2025-02-25T00:11:00
task_179_req_1,user_1,task_179,session_179,triage,gpt-x.y,triage_v1,explanation,197,760,edit,0.828,2025-02-25T00:36:00
task_180_req_0,user_28,task_180,session_180,drafting,gpt-x.y,triage_v1,explanation,51,1026,escalate,0.471,2025-02-01T00:16:00
task_181_req_0,user_21,task_181,session_181,summarisation,gpt-x.y,triage_v1,control,113,236,accept,0.923,2025-01-13T00:21:00
task_181_req_1,user_15,task_181,session_181,drafting,gpt-x.y,triage_v1,explanation,178,839,edit,0.923,2025-01-13T00:25:00
task_181_req_2,user_38,task_181,session_181,triage,gpt-x.y,triage_v1,explanation,126,542,accept,0.923,2025-01-13T00:52:00
task_182_req_0,user_44,task_182,session_182,triage,gpt-x.y,triage_v1,control,92,901,escalate,0.639,2025-02-16T00:12:00
task_182_req_1,user_26,task_182,session_182,triage,gpt-x.y,triage_v1,control,104,667,edit,0.639,2025-02-16T00:36:00
task_182_req_2,user_47,task_182,session_182,drafting,gpt-x.y,triage_v1,control,59,1407,edit,0.639,2025-02-16T00:40:00
task_183_req_0,user_4,task_183,session_183,triage,gpt-x.y,triage_v1,control,156,240,accept,0.727,2025-01-17T00:23:00
task_184_req_0,user_10,task_184,session_184,drafting,gpt-x.y,triage_v1,control,75,1490,accept,0.661,2025-01-08T00:10:00
task_184_req_1,user_43,task_184,session_184,triage,gpt-x.y,triage_v1,explanation,180,1475,edit,0.661,2025-01-08T00:24:00
task_184_req_2,user_47,task_184,session_184,triage,gpt-x.y,triage_v1,control,177,778,accept,0.661,2025-01-08T00:50:00
task_185_req_0,user_13,task_185,session_185,triage,gpt-x.y,triage_v1,explanation,190,1039,ignore,0.857,2025-01-13T00:06:00
task_185_req_1,user_32,task_185,session_185,triage,gpt-x.y,triage_v1,control,53,1184,ignore,0.857,2025-01-13T00:14:00
task_185_req_2,user_43,task_185,session_185,triage,gpt-x.y,triage_v1,control,180,426,escalate,0.857,2025-01-13T00:19:00
task_186_req_0,user_42,task_186,session_186,drafting,gpt-x.y,triage_v1,control,62,1135,ignore,0.898,2025-02-16T00:09:00
task_187_req_0,user_24,task_187,session_187,triage,gpt-x.y,triage_v1,explanation,52,1072,accept,0.869,2025-02-25T00:04:00
task_188_req_0,user_29,task_188,session_188,drafting,gpt-x.y,triage_v1,explanation,96,390,ignore,0.581,2025-02-12T00:27:00
task_188_req_1,user_8,task_188,session_188,drafting,gpt-x.y,triage_v1,explanation,172,1019,escalate,0.581,2025-02-12T00:36:00
task_189_req_0,user_45,task_189,session_189,summarisation,gpt-x.y,triage_v1,control,173,526,accept,0.462,2025-02-11T00:14:00
task_189_req_1,user_37,task_189,session_189,drafting,gpt-x.y,triage_v1,explanation,57,571,escalate,0.462,2025-02-11T00:39:00
task_190_req_0,user_32,task_190,session_190,triage,gpt-x.y,triage_v1,control,116,1042,escalate,0.666,2025-02-26T00:02:00
task_190_req_1,user_42,task_190,session_190,drafting,gpt-x.y,triage_v1,explanation,182,225,edit,0.666,2025-02-26T00:24:00
task_191_req_0,user_47,task_191,session_191,summarisation,gpt-x.y,triage_v1,control,148,1186,ignore,0.638,2025-02-14T00:22:00
task_192_req_0,user_11,task_192,session_192,drafting,gpt-x.y,triage_v1,explanation,132,1215,edit,0.406,2025-02-27T00:03:00
task_193_req_0,user_36,task_193,session_193,drafting,gpt-x.y,triage_v1,explanation,163,1025,edit,0.679,2025-01-18T00:03:00
task_194_req_0,user_29,task_194,session_194,summarisation,gpt-x.y,triage_v1,explanation,54,443,escalate,0.871,2025-01-29T00:24:00
task_195_req_0,user_1,task_195,session_195,summarisation,gpt-x.y,triage_v1,control,193,1437,ignore,0.706,2025-01-27T00:29:00
task_196_req_0,user_24,task_196,session_196,summarisation,gpt-x.y,triage_v1,control,171,656,escalate,0.923,2025-02-12T00:11:00
task_196_req_1,user_46,task_196,session_196,summarisation,gpt-x.y,triage_v1,explanation,106,1126,accept,0.923,2025-02-12T00:15:00
task_196_req_2,user_1,task_196,session_196,summarisation,gpt-x.y,triage_v1,explanation,145,927,ignore,0.923,2025-02-12T00:33:00
task_196_req_3,user_45,task_196,session_196,triage,gpt-x.y,triage_v1,control,154,293,edit,0.923,2025-02-12T00:49:00
task_197_req_0,user_26,task_197,session_197,drafting,gpt-x.y,triage_v1,control,77,1136,edit,0.503,2025-02-09T00:23:00
task_197_req_1,user_49,task_197,session_197,drafting,gpt-x.y,triage_v1,explanation,167,295,accept,0.503,2025-02-09T00:48:00
task_198_req_0,user_1,task_198,session_198,summarisation,gpt-x.y,triage_v1,control,173,1333,escalate,0.930,2025-02-02T00:27:00
task_198_req_1,user_33,task_198,session_198,triage,gpt-x.y,triage_v1,control,76,1384,edit,0.930,2025-02-02T00:51:00
task_199_req_0,user_25,task_199,session_199,drafting,gpt-x.y,triage_v1,explanation,137,1447,edit,0.677,2025-02-08T00:09:00
task_199_req_1,user_19,task_199,session_199,summarisation,gpt-x.y,triage_v1,explanation,181,473,edit,0.677,2025-02-08T00:23:00
task_199_req_2,user_20,task_199,session_199,triage,gpt-x.y,triage_v1,explanation,124,1333,edit,0.677,2025-02-08T00:30:00
task_200_req_0,user_42,task_200,session_200,triage,gpt-x.y,triage_v1,control,140,1231,ignore,0.940,2025-02-28T00:23:00
task_200_req_1,user_36,task_200,session_200,summarisation,gpt-x.y,triage_v1,explanation,186,1393,escalate,0.940,2025-02-28T00:45:00
